ID,Covey_Num,Band_Num,Sex,Age,BirdX,BirdY,DateTime,HuntDay,Treatment_Sp,Treatment,Treatment_Year,Step_Length,HW_Dist,SS_Dist
1,23,16-000201,F,J,401235,3647772,12/1/16 6:42,Rabbit,3E,3,0,50,102.9562988,18.4776516
1,23,16-000201,F,J,401275,3647742,12/1/16 7:01,Rabbit,3E,3,0,37.65634077,152.3154602,9.238825798
1,23,16-000201,F,J,401238,3647735,12/1/16 7:16,Rabbit,3E,3,0,35.51056181,125.2996445,0
1,23,16-000201,F,J,401232,3647770,12/1/16 7:30,Rabbit,3E,3,0,32.69556545,102.9562988,18.4776516
1,23,16-000201,F,J,401262,3647783,12/1/16 7:45,Rabbit,3E,3,0,55.00909016,126.4911041,36.95530319
1,23,16-000201,F,J,401237,3647734,12/1/16 8:00,Rabbit,3E,3,0,22.20360331,122.0655594,0
1,23,16-000201,F,J,401219,3647721,12/1/16 8:15,Rabbit,3E,3,0,54.5710546,120.415947,18.4776516
1,23,16-000201,F,J,401232,3647774,12/1/16 8:30,Rabbit,3E,3,0,29.69848481,102.9562988,13.06567287
1,23,16-000201,F,J,401253,3647795,12/1/16 8:45,Rabbit,3E,3,0,15,111.8033981,36.95530319
1,23,16-000201,F,J,401253,3647810,12/1/16 9:00,Rabbit,3E,3,0,6.08276253,107.7032928,38.09265518
1,23,16-000201,F,J,401254,3647816,12/1/16 9:15,Rabbit,3E,3,0,42.43819035,104.4030685,38.09265518
1,23,16-000201,F,J,401278,3647851,12/1/16 9:30,Rabbit,3E,3,0,150.4460036,125.2996445,26.13134575
1,23,16-000201,F,J,401393,3647948,12/1/16 9:45,Rabbit,3E,3,0,44.55333882,20,0
1,23,16-000201,F,J,401425,3647917,12/1/16 10:00,Rabbit,3E,3,0,35.35533906,0,9.238825798
1,23,16-000201,F,J,401400,3647942,12/1/16 10:15,Rabbit,3E,3,0,80.15609771,10,0
1,23,16-000201,F,J,401480,3647947,12/1/16 10:30,Rabbit,3E,3,0,77.87810989,0,13.06567287
1,23,16-000201,F,J,401448,3647876,12/1/16 10:45,Rabbit,3E,3,0,101.8430165,0,18.4776516
1,23,16-000201,F,J,401414,3647972,12/1/16 11:00,Rabbit,3E,3,0,58.21511831,14.14213562,13.06567287
1,23,16-000201,F,J,401472,3647967,12/1/16 11:15,Rabbit,3E,3,0,71.78439942,0,36.95530319
1,23,16-000201,F,J,401404,3647990,12/1/16 11:30,Rabbit,3E,3,0,41.77319715,31.62277603,9.238825798
1,23,16-000201,F,J,401435,3647962,12/1/16 11:45,Rabbit,3E,3,0,25.29822128,0,29.21573257
1,23,16-000201,F,J,401443,3647986,12/1/16 12:00,Rabbit,3E,3,0,49.65883607,0,18.4776516
1,23,16-000201,F,J,401464,3647941,12/1/16 12:16,Rabbit,3E,3,0,57.98275606,0,9.238825798
1,23,16-000201,F,J,401423,3647982,12/1/16 12:30,Rabbit,3E,3,0,40.02499219,10,9.238825798
1,23,16-000201,F,J,401414,3647943,12/1/16 12:45,Rabbit,3E,3,0,42.42640687,0,18.4776516
1,23,16-000201,F,J,401420,3647985,12/1/16 13:00,Rabbit,3E,3,0,7.810249676,14.14213562,0
1,23,16-000201,F,J,401415,3647979,12/1/16 13:15,Rabbit,3E,3,0,58.85575588,20,9.238825798
1,23,16-000201,F,J,401473,3647989,12/1/16 13:30,Rabbit,3E,3,0,59.03388857,0,46.19412994
1,23,16-000201,F,J,401415,3647978,12/1/16 13:45,Rabbit,3E,3,0,7.615773106,20,9.238825798
1,23,16-000201,F,J,401422,3647981,12/1/16 14:00,Rabbit,3E,3,0,3.605551275,10,9.238825798
1,23,16-000201,F,J,401425,3647983,12/1/16 14:15,Rabbit,3E,3,0,17.4642492,10,9.238825798
1,23,16-000201,F,J,401441,3647976,12/1/16 14:30,Rabbit,3E,3,0,48.87739764,0,20.65864182
1,23,16-000201,F,J,401483,3648001,12/1/16 14:45,Rabbit,3E,3,0,71.86793444,0,56.19758224
1,23,16-000201,F,J,401422,3647963,12/1/16 15:00,Rabbit,3E,3,0,76.32168761,0,26.13134575
1,23,16-000201,F,J,401450,3648034,12/1/16 15:15,Rabbit,3E,3,0,70.60453243,0,47.10895157
1,23,16-000201,F,J,401431,3647966,12/1/16 15:30,Rabbit,3E,3,0,46.5295605,0,29.21573257
1,23,16-000201,F,J,401424,3648012,12/1/16 15:45,Rabbit,3E,3,0,68.65857558,20,18.4776516
1,23,16-000201,F,J,401409,3647945,12/1/16 16:00,Rabbit,3E,3,0,93.14504818,0,9.238825798
1,23,16-000201,F,J,401433,3648035,12/1/16 16:15,Rabbit,3E,3,0,39.56008089,0,29.21573257
1,23,16-000201,F,J,401422,3647997,12/1/16 16:30,Rabbit,3E,3,0,22.09072203,20,9.238825798
1,23,16-000201,F,J,401420,3648019,12/1/16 16:45,Rabbit,3E,3,0,24.04163056,14.14213562,18.4776516
1,23,16-000201,F,J,401413,3648042,12/1/16 17:00,Rabbit,3E,3,0,59.05929224,10,20.65864182
1,23,16-000201,F,J,401385,3647990,12/1/16 17:15,Rabbit,3E,3,0,55.97320788,50,20.65864182
1,23,16-000201,F,J,401403,3648043,12/1/16 17:30,Rabbit,3E,3,0,62.2655603,14.14213562,18.4776516
1,23,16-000201,F,J,401349,3648012,12/1/16 17:45,Rabbit,3E,3,0,NA,72.11102295,56.19758224
2,9,16-000316,M,J,400631,3650070,12/2/16 6:47,Rabbit,2E,2,0,50.15974482,205.9125977,0
2,9,16-000316,M,J,400681,3650066,12/2/16 7:02,Rabbit,2E,2,0,69.12307864,160.3121948,0
2,9,16-000316,M,J,400664,3649999,12/2/16 7:17,Rabbit,2E,2,0,56.46237685,196.9771576,9.238825798
2,9,16-000316,M,J,400642,3650051,12/2/16 7:32,Rabbit,2E,2,0,33.83784863,202.2374878,0
2,9,16-000316,M,J,400653,3650083,12/2/16 7:47,Rabbit,2E,2,0,50.69516742,183.575592,9.238825798
2,9,16-000316,M,J,400666,3650034,12/2/16 8:02,Rabbit,2E,2,0,55.31726674,186.8154144,0
2,9,16-000316,M,J,400678,3650088,12/2/16 8:17,Rabbit,2E,2,0,24.51530134,152.3154602,0
2,9,16-000316,M,J,400654,3650083,12/2/16 8:32,Rabbit,2E,2,0,50.28916384,183.575592,9.238825798
2,9,16-000316,M,J,400702,3650068,12/2/16 8:47,Rabbit,2E,2,0,29.52964612,140.3566895,0
2,9,16-000316,M,J,400716,3650094,12/2/16 9:02,Rabbit,2E,2,0,38.28837944,125.2996445,18.4776516
2,9,16-000316,M,J,400687,3650069,12/2/16 9:17,Rabbit,2E,2,0,121.2641744,160.3121948,0
2,9,16-000316,M,J,400790,3650005,12/2/16 9:32,Rabbit,2E,2,0,94.64142856,76.1577301,0
2,9,16-000316,M,J,400801,3650099,12/2/16 9:47,Rabbit,2E,2,0,136.6821129,41.23105621,0
2,9,16-000316,M,J,400840,3649968,12/2/16 10:02,Rabbit,2E,2,0,73.43704787,72.80110168,9.238825798
2,9,16-000316,M,J,400832,3650041,12/2/16 10:17,Rabbit,2E,2,0,117.5925168,28.28427124,33.31106186
2,9,16-000316,M,J,400920,3649963,12/2/16 10:32,Rabbit,2E,2,0,109.931797,10,13.06567287
2,9,16-000316,M,J,400863,3650057,12/2/16 10:47,Rabbit,2E,2,0,52.17278984,0,0
2,9,16-000316,M,J,400852,3650006,12/2/16 11:02,Rabbit,2E,2,0,49.03060269,31.62277603,13.06567287
2,9,16-000316,M,J,400862,3650054,12/2/16 11:17,Rabbit,2E,2,0,72.80109889,0,9.238825798
2,9,16-000316,M,J,400882,3649984,12/2/16 11:32,Rabbit,2E,2,0,73.23933369,40,18.4776516
2,9,16-000316,M,J,400822,3650026,12/2/16 11:47,Rabbit,2E,2,0,119.707978,41.23105621,13.06567287
2,9,16-000316,M,J,400925,3649965,12/2/16 12:04,Rabbit,2E,2,0,65.96969001,0,13.06567287
2,9,16-000316,M,J,400941,3650029,12/2/16 12:19,Rabbit,2E,2,0,41.30375286,0,13.06567287
2,9,16-000316,M,J,400946,3649988,12/2/16 12:34,Rabbit,2E,2,0,57.00877125,0,0
2,9,16-000316,M,J,400911,3650033,12/2/16 12:49,Rabbit,2E,2,0,50.53711507,0,9.238825798
2,9,16-000316,M,J,400956,3650010,12/2/16 13:04,Rabbit,2E,2,0,67.89698079,0,18.4776516
2,9,16-000316,M,J,400907,3650057,12/2/16 13:19,Rabbit,2E,2,0,67.23094526,0,18.4776516
2,9,16-000316,M,J,400933,3649995,12/2/16 13:34,Rabbit,2E,2,0,49.51767361,0,0
2,9,16-000316,M,J,400897,3650029,12/2/16 13:49,Rabbit,2E,2,0,71.02112362,10,0
2,9,16-000316,M,J,400967,3650041,12/2/16 14:04,Rabbit,2E,2,0,66.18912297,0,41.31728363
2,9,16-000316,M,J,400972,3650107,12/2/16 14:22,Rabbit,2E,2,0,50,0,18.4776516
2,9,16-000316,M,J,400932,3650077,12/2/16 14:37,Rabbit,2E,2,0,57.31491952,0,49.75259781
2,9,16-000316,M,J,400971,3650119,12/2/16 14:52,Rabbit,2E,2,0,19.10497317,0,20.65864182
2,9,16-000316,M,J,400958,3650105,12/2/16 15:07,Rabbit,2E,2,0,41.77319715,0,27.71647644
2,9,16-000316,M,J,400986,3650136,12/2/16 15:22,Rabbit,2E,2,0,53,20,0
2,9,16-000316,M,J,400941,3650164,12/2/16 15:37,Rabbit,2E,2,0,84.29116205,0,9.238825798
2,9,16-000316,M,J,401004,3650220,12/2/16 15:52,Rabbit,2E,2,0,150.3362897,0,0
2,9,16-000316,M,J,400880,3650135,12/2/16 16:07,Rabbit,2E,2,0,92.4175308,0,46.19412994
2,9,16-000316,M,J,400970,3650114,12/2/16 16:22,Rabbit,2E,2,0,81.39410298,0,20.65864182
2,9,16-000316,M,J,400890,3650099,12/2/16 16:37,Rabbit,2E,2,0,36.22154055,0,20.65864182
2,9,16-000316,M,J,400926,3650103,12/2/16 16:52,Rabbit,2E,2,0,114.629839,0,52.2626915
2,9,16-000316,M,J,400842,3650025,12/2/16 17:07,Rabbit,2E,2,0,114.0570033,22.36067963,27.71647644
2,9,16-000316,M,J,400902,3650122,12/2/16 17:22,Rabbit,2E,2,0,199.0778742,0,49.75259781
2,9,16-000316,M,J,400826,3649938,12/2/16 17:37,Rabbit,2E,2,0,145.0965196,104.4030685,0
2,9,16-000316,M,J,400768,3650071,12/2/16 17:52,Rabbit,2E,2,0,NA,70.7106781,0
3,46,16-000014,F,J,400534,3646239,12/7/16 6:46,Quail,3W,3,0,51.07837116,78.10249329,0
3,46,16-000014,F,J,400581,3646259,12/7/16 7:00,Quail,3W,3,0,124.9039631,92.1954422,18.4776516
3,46,16-000014,F,J,400457,3646274,12/7/16 7:15,Quail,3W,3,0,101.8331969,72.11102295,0
3,46,16-000014,F,J,400554,3646243,12/7/16 7:30,Quail,3W,3,0,46.5295605,80,13.06567287
3,46,16-000014,F,J,400532,3646284,12/7/16 7:45,Quail,3W,3,0,9.219544457,111.8033981,0
3,46,16-000014,F,J,400534,3646275,12/7/16 8:00,Quail,3W,3,0,68.60029154,111.8033981,9.238825798
3,46,16-000014,F,J,400479,3646316,12/7/16 8:15,Quail,3W,3,0,45.89117562,130,0
3,46,16-000014,F,J,400524,3646325,12/7/16 8:30,Quail,3W,3,0,34.525353,155.241745,0
3,46,16-000014,F,J,400490,3646319,12/7/16 8:45,Quail,3W,3,0,77.83315489,134.1640778,0
3,46,16-000014,F,J,400563,3646292,12/7/16 9:00,Quail,3W,3,0,52.20153254,126.4911041,9.238825798
3,46,16-000014,F,J,400513,3646307,12/7/16 9:15,Quail,3W,3,0,19.10497317,133.4166412,9.238825798
3,46,16-000014,F,J,400511,3646288,12/7/16 9:30,Quail,3W,3,0,64.88451279,114.01754,9.238825798
3,46,16-000014,F,J,400568,3646319,12/7/16 9:45,Quail,3W,3,0,65.36818798,152.3154602,0
3,46,16-000014,F,J,400511,3646287,12/7/16 10:00,Quail,3W,3,0,36.40054945,114.01754,9.238825798
3,46,16-000014,F,J,400546,3646277,12/7/16 10:15,Quail,3W,3,0,46.09772229,116.6190414,0
3,46,16-000014,F,J,400511,3646307,12/7/16 10:30,Quail,3W,3,0,94.53041838,133.4166412,9.238825798
3,46,16-000014,F,J,400417,3646297,12/7/16 10:45,Quail,3W,3,0,122.184287,82.46211243,0
3,46,16-000014,F,J,400537,3646274,12/7/16 11:00,Quail,3W,3,0,17.80449381,102.9562988,9.238825798
3,46,16-000014,F,J,400526,3646288,12/7/16 11:15,Quail,3W,3,0,17.80449381,117.0469971,0
3,46,16-000014,F,J,400515,3646302,12/7/16 11:30,Quail,3W,3,0,2.236067977,123.6931686,0
3,46,16-000014,F,J,400516,3646300,12/7/16 11:45,Quail,3W,3,0,33.52610923,123.6931686,0
3,46,16-000014,F,J,400526,3646268,12/7/16 12:00,Quail,3W,3,0,102.7034566,98.4885788,13.06567287
3,46,16-000014,F,J,400628,3646280,12/7/16 12:15,Quail,3W,3,0,121.2641744,100,18.4776516
3,46,16-000014,F,J,400536,3646359,12/7/16 12:31,Quail,3W,3,0,69.87131028,186.8154144,9.238825798
3,46,16-000014,F,J,400547,3646290,12/7/16 12:45,Quail,3W,3,0,34,125.2996445,0
3,46,16-000014,F,J,400517,3646274,12/7/16 13:00,Quail,3W,3,0,22.20360331,94.86833191,18.4776516
3,46,16-000014,F,J,400539,3646271,12/7/16 13:15,Quail,3W,3,0,43.27817002,108.1665421,9.238825798
3,46,16-000014,F,J,400511,3646304,12/7/16 13:30,Quail,3W,3,0,80.26207074,123.6931686,9.238825798
3,46,16-000014,F,J,400552,3646235,12/7/16 13:45,Quail,3W,3,0,100.7223908,80,9.238825798
3,46,16-000014,F,J,400503,3646323,12/7/16 14:00,Quail,3W,3,0,35.05709629,138.9244385,9.238825798
3,46,16-000014,F,J,400501,3646288,12/7/16 14:15,Quail,3W,3,0,24.08318916,111.8033981,0
3,46,16-000014,F,J,400525,3646286,12/7/16 14:30,Quail,3W,3,0,38.89730068,117.0469971,0
3,46,16-000014,F,J,400488,3646274,12/7/16 14:45,Quail,3W,3,0,9.433981132,90.55384827,9.238825798
3,46,16-000014,F,J,400480,3646279,12/7/16 15:00,Quail,3W,3,0,37.69615365,94.33981323,18.4776516
3,46,16-000014,F,J,400515,3646265,12/7/16 15:15,Quail,3W,3,0,22.82542442,94.86833191,9.238825798
3,46,16-000014,F,J,400495,3646276,12/7/16 15:30,Quail,3W,3,0,49.67896939,100,0
3,46,16-000014,F,J,400527,3646238,12/7/16 15:45,Quail,3W,3,0,20.24845673,72.11102295,0
3,46,16-000014,F,J,400510,3646249,12/7/16 16:00,Quail,3W,3,0,15,76.1577301,0
3,46,16-000014,F,J,400522,3646240,12/7/16 16:15,Quail,3W,3,0,10.81665383,72.11102295,0
3,46,16-000014,F,J,400516,3646249,12/7/16 16:30,Quail,3W,3,0,NA,76.1577301,0
4,30,16-000246,M,J,398215,3650344,12/11/16 6:51,Rabbit,2W,2,0,58.30951895,30,18.4776516
4,30,16-000246,M,J,398265,3650314,12/11/16 7:21,Rabbit,2W,2,0,78.00640999,0,27.71647644
4,30,16-000246,M,J,398328,3650360,12/11/16 7:51,Rabbit,2W,2,0,36.49657518,0,9.238825798
4,30,16-000246,M,J,398364,3650366,12/11/16 8:21,Rabbit,2W,2,0,25.49509757,0,9.238825798
4,30,16-000246,M,J,398353,3650389,12/11/16 8:51,Rabbit,2W,2,0,75.6439026,10,0
4,30,16-000246,M,J,398384,3650458,12/11/16 9:21,Rabbit,2W,2,0,66.03786792,0,13.06567287
4,30,16-000246,M,J,398440,3650423,12/11/16 9:51,Rabbit,2W,2,0,76.15773106,0,9.238825798
4,30,16-000246,M,J,398506,3650461,12/11/16 10:21,Rabbit,2W,2,0,11.66190379,0,20.65864182
4,30,16-000246,M,J,398496,3650467,12/11/16 10:51,Rabbit,2W,2,0,43.32435804,0,13.06567287
4,30,16-000246,M,J,398482,3650426,12/11/16 11:21,Rabbit,2W,2,0,11.04536102,0,26.13134575
4,30,16-000246,M,J,398483,3650437,12/11/16 11:51,Rabbit,2W,2,0,25,0,33.31106186
4,30,16-000246,M,J,398503,3650422,12/11/16 12:21,Rabbit,2W,2,0,37,14.14213562,9.238825798
4,30,16-000246,M,J,398468,3650434,12/11/16 12:51,Rabbit,2W,2,0,17.4642492,0,18.4776516
4,30,16-000246,M,J,398475,3650418,12/11/16 13:21,Rabbit,2W,2,0,26.62705391,0,27.71647644
4,30,16-000246,M,J,398497,3650433,12/11/16 13:51,Rabbit,2W,2,0,31.38470965,0,20.65864182
4,30,16-000246,M,J,398468,3650421,12/11/16 14:21,Rabbit,2W,2,0,11.40175425,0,18.4776516
4,30,16-000246,M,J,398475,3650412,12/11/16 14:51,Rabbit,2W,2,0,8.94427191,0,27.71647644
4,30,16-000246,M,J,398483,3650416,12/11/16 15:21,Rabbit,2W,2,0,19.84943324,0,20.65864182
4,30,16-000246,M,J,398468,3650429,12/11/16 15:51,Rabbit,2W,2,0,32.06243908,0,18.4776516
4,30,16-000246,M,J,398436,3650431,12/11/16 16:21,Rabbit,2W,2,0,68.68041933,10,9.238825798
4,30,16-000246,M,J,398502,3650412,12/11/16 16:51,Rabbit,2W,2,0,63.56099433,22.36067963,0
4,30,16-000246,M,J,398440,3650398,12/11/16 17:21,Rabbit,2W,2,0,28.16025568,0,13.06567287
4,30,16-000246,M,J,398448,3650371,12/11/16 17:51,Rabbit,2W,2,0,NA,0,9.238825798
5,37,16-000093,M,J,397537,3646647,12/10/16 7:07,Quail,3W,3,0,10.19803903,0,13.06567287
5,37,16-000093,M,J,397539,3646657,12/10/16 7:37,Quail,3W,3,0,21.9317122,0,0
5,37,16-000093,M,J,397554,3646673,12/10/16 8:07,Quail,3W,3,0,74.24284477,0,9.238825798
5,37,16-000093,M,J,397548,3646599,12/10/16 8:37,Quail,3W,3,0,101.5529419,0,33.31106186
5,37,16-000093,M,J,397640,3646642,12/10/16 9:07,Quail,3W,3,0,151.6377262,56.56854248,0
5,37,16-000093,M,J,397575,3646505,12/10/16 9:37,Quail,3W,3,0,129.8345101,28.28427124,9.238825798
5,37,16-000093,M,J,397659,3646604,12/10/16 10:07,Quail,3W,3,0,44.94441011,50,13.06567287
5,37,16-000093,M,J,397621,3646580,12/10/16 10:37,Quail,3W,3,0,80.02499609,10,9.238825798
5,37,16-000093,M,J,397619,3646500,12/10/16 11:07,Quail,3W,3,0,46.27094121,20,0
5,37,16-000093,M,J,397573,3646495,12/10/16 11:37,Quail,3W,3,0,112.0714058,36.05551147,0
5,37,16-000093,M,J,397685,3646491,12/10/16 12:07,Quail,3W,3,0,44.55333882,0,38.09265518
5,37,16-000093,M,J,397641,3646498,12/10/16 12:37,Quail,3W,3,0,90.44335244,14.14213562,9.238825798
5,37,16-000093,M,J,397555,3646526,12/10/16 13:07,Quail,3W,3,0,70.21395873,28.28427124,0
5,37,16-000093,M,J,397618,3646495,12/10/16 13:37,Quail,3W,3,0,79.0569415,20,9.238825798
5,37,16-000093,M,J,397539,3646492,12/10/16 14:07,Quail,3W,3,0,33.24154028,31.62277603,13.06567287
5,37,16-000093,M,J,397535,3646525,12/10/16 14:37,Quail,3W,3,0,219.9204402,36.05551147,9.238825798
5,37,16-000093,M,J,397753,3646554,12/10/16 15:07,Quail,3W,3,0,36.87817783,22.36067963,18.4776516
5,37,16-000093,M,J,397745,3646518,12/10/16 15:37,Quail,3W,3,0,27.73084925,0,9.238825798
5,37,16-000093,M,J,397733,3646543,12/10/16 16:07,Quail,3W,3,0,191.637679,10,13.06567287
5,37,16-000093,M,J,397566,3646637,12/10/16 16:37,Quail,3W,3,0,51.86520992,0,20.65864182
5,37,16-000093,M,J,397615,3646654,12/10/16 17:07,Quail,3W,3,0,75.80237463,40,13.06567287
5,37,16-000093,M,J,397550,3646615,12/10/16 17:37,Quail,3W,3,0,29.01723626,0,27.71647644
5,37,16-000093,M,J,397551,3646644,12/10/16 18:07,Quail,3W,3,0,NA,0,20.65864182
6,15,16-000352,M,J,400135,3650908,12/9/16 6:51,Rabbit,2E,2,0,43.9089968,50,18.4776516
6,15,16-000352,M,J,400113,3650870,12/9/16 7:21,Rabbit,2E,2,0,39.11521443,60,13.06567287
6,15,16-000352,M,J,400152,3650867,12/9/16 7:51,Rabbit,2E,2,0,201.8167486,20,0
6,15,16-000352,M,J,400271,3651030,12/9/16 8:21,Rabbit,2E,2,0,22.56102835,0,9.238825798
6,15,16-000352,M,J,400293,3651025,12/9/16 8:51,Rabbit,2E,2,0,84.85281374,0,36.95530319
6,15,16-000352,M,J,400305,3650941,12/9/16 9:21,Rabbit,2E,2,0,27.73084925,0,27.71647644
6,15,16-000352,M,J,400317,3650966,12/9/16 9:51,Rabbit,2E,2,0,73.8241153,0,27.71647644
6,15,16-000352,M,J,400244,3650955,12/9/16 10:21,Rabbit,2E,2,0,94.57801013,0,9.238825798
6,15,16-000352,M,J,400296,3650876,12/9/16 10:51,Rabbit,2E,2,0,49.72926704,0,0
6,15,16-000352,M,J,400248,3650889,12/9/16 11:21,Rabbit,2E,2,0,63.28506933,0,13.06567287
6,15,16-000352,M,J,400302,3650856,12/9/16 11:51,Rabbit,2E,2,0,50.24937811,0,9.238825798
6,15,16-000352,M,J,400259,3650882,12/9/16 12:21,Rabbit,2E,2,0,59.50630219,0,9.238825798
6,15,16-000352,M,J,400313,3650857,12/9/16 12:51,Rabbit,2E,2,0,118.3596215,0,18.4776516
6,15,16-000352,M,J,400285,3650972,12/9/16 13:21,Rabbit,2E,2,0,99.2018145,0,20.65864182
6,15,16-000352,M,J,400310,3650876,12/9/16 13:51,Rabbit,2E,2,0,80.8084154,0,18.4776516
6,15,16-000352,M,J,400231,3650893,12/9/16 14:21,Rabbit,2E,2,0,114.5469336,0,18.4776516
6,15,16-000352,M,J,400326,3650829,12/9/16 14:51,Rabbit,2E,2,0,94.04786016,0,13.06567287
6,15,16-000352,M,J,400232,3650832,12/9/16 15:21,Rabbit,2E,2,0,105.5130324,0,0
6,15,16-000352,M,J,400334,3650859,12/9/16 15:51,Rabbit,2E,2,0,123.6284757,0,26.13134575
6,15,16-000352,M,J,400212,3650839,12/9/16 16:21,Rabbit,2E,2,0,120.3370267,0,9.238825798
6,15,16-000352,M,J,400332,3650848,12/9/16 16:51,Rabbit,2E,2,0,98.12746812,0,18.4776516
6,15,16-000352,M,J,400234,3650853,12/9/16 17:21,Rabbit,2E,2,0,100.124922,0,0
6,15,16-000352,M,J,400334,3650858,12/9/16 17:51,Rabbit,2E,2,0,32.64965543,0,20.65864182
6,15,16-000352,M,J,400313,3650883,12/9/16 18:06,Rabbit,2E,2,0,NA,0,18.4776516
7,25,16-000124,F,J,402226,3648310,12/14/16 10:20,Quail,1E,1,0,15.65247584,0,9.238825798
7,25,16-000124,F,J,402233,3648296,12/14/16 11:02,Quail,1E,1,0,6.32455532,0,0
7,25,16-000124,F,J,402235,3648302,12/14/16 11:32,Quail,1E,1,0,27.65863337,0,0
7,25,16-000124,F,J,402241,3648329,12/14/16 12:02,Quail,1E,1,0,26.2488095,0,9.238825798
7,25,16-000124,F,J,402224,3648309,12/14/16 12:32,Quail,1E,1,0,9.486832981,0,9.238825798
7,25,16-000124,F,J,402227,3648318,12/14/16 13:14,Quail,1E,1,0,8.062257748,0,13.06567287
7,25,16-000124,F,J,402226,3648310,12/14/16 13:45,Quail,1E,1,0,5,0,9.238825798
7,25,16-000124,F,J,402230,3648307,12/14/16 14:15,Quail,1E,1,0,5.656854249,0,9.238825798
7,25,16-000124,F,J,402234,3648311,12/14/16 14:45,Quail,1E,1,0,9.219544457,0,0
7,25,16-000124,F,J,402236,3648320,12/14/16 15:15,Quail,1E,1,0,39.05124838,0,9.238825798
7,25,16-000124,F,J,402227,3648282,12/14/16 15:45,Quail,1E,1,0,16.40121947,0,0
7,25,16-000124,F,J,402214,3648272,12/14/16 16:15,Quail,1E,1,0,9.848857802,10,0
7,25,16-000124,F,J,402218,3648281,12/14/16 16:45,Quail,1E,1,0,20.51828453,0,0
7,25,16-000124,F,J,402203,3648267,12/14/16 17:15,Quail,1E,1,0,34.92849839,14.14213562,9.238825798
7,25,16-000124,F,J,402189,3648299,12/14/16 17:45,Quail,1E,1,0,17.11724277,0,18.4776516
7,25,16-000124,F,J,402206,3648297,12/14/16 18:08,Quail,1E,1,0,NA,0,9.238825798
8,26,16-000306,M,J,401569,3648455,12/18/16 7:45,Rabbit,3E,3,0,19.72308292,90,9.238825798
8,26,16-000306,M,J,401559,3648438,12/18/16 8:17,Rabbit,3E,3,0,63.07138812,82.46211243,0
8,26,16-000306,M,J,401502,3648411,12/18/16 8:47,Rabbit,3E,3,0,39.05124838,20,0
8,26,16-000306,M,J,401493,3648373,12/18/16 9:15,Rabbit,3E,3,0,44.40720662,10,9.238825798
8,26,16-000306,M,J,401499,3648329,12/18/16 9:45,Rabbit,3E,3,0,67.18630813,0,33.31106186
8,26,16-000306,M,J,401434,3648346,12/18/16 10:16,Rabbit,3E,3,0,34.78505426,0,18.4776516
8,26,16-000306,M,J,401467,3648335,12/18/16 10:49,Rabbit,3E,3,0,26.90724809,0,38.09265518
8,26,16-000306,M,J,401485,3648315,12/18/16 11:17,Rabbit,3E,3,0,30.87069808,0,52.2626915
8,26,16-000306,M,J,401457,3648328,12/18/16 11:46,Rabbit,3E,3,0,27.29468813,0,36.95530319
8,26,16-000306,M,J,401484,3648324,12/18/16 12:16,Rabbit,3E,3,0,27.20294102,0,46.19412994
8,26,16-000306,M,J,401458,3648316,12/18/16 12:46,Rabbit,3E,3,0,33,0,47.10895157
8,26,16-000306,M,J,401491,3648316,12/18/16 13:16,Rabbit,3E,3,0,49.04079934,0,52.2626915
8,26,16-000306,M,J,401538,3648330,12/18/16 13:47,Rabbit,3E,3,0,17.4642492,0,20.65864182
8,26,16-000306,M,J,401545,3648314,12/18/16 14:16,Rabbit,3E,3,0,3.605551275,0,41.31728363
8,26,16-000306,M,J,401548,3648312,12/18/16 14:52,Rabbit,3E,3,0,21.21320344,0,38.09265518
8,26,16-000306,M,J,401533,3648327,12/18/16 15:15,Rabbit,3E,3,0,33.24154028,0,20.65864182
8,26,16-000306,M,J,401501,3648318,12/18/16 15:51,Rabbit,3E,3,0,11.70469991,0,39.19701767
8,26,16-000306,M,J,401497,3648329,12/18/16 16:15,Rabbit,3E,3,0,56.32051136,0,33.31106186
8,26,16-000306,M,J,401553,3648323,12/18/16 16:47,Rabbit,3E,3,0,114.1271221,0,39.19701767
8,26,16-000306,M,J,401498,3648423,12/18/16 17:20,Rabbit,3E,3,0,17.4642492,20,9.238825798
8,26,16-000306,M,J,401505,3648407,12/18/16 17:42,Rabbit,3E,3,0,NA,20,0
9,7,16-000045,F,J,400970,3650929,12/17/16 6:55,Quail,2E,2,0,25.55386468,14.14213562,0
9,7,16-000045,F,J,400957,3650951,12/17/16 7:25,Quail,2E,2,0,92.66067127,0,13.06567287
9,7,16-000045,F,J,401002,3651032,12/17/16 8:25,Quail,2E,2,0,114.0175425,0,26.13134575
9,7,16-000045,F,J,401116,3651030,12/17/16 8:55,Quail,2E,2,0,73.8241153,0,94.21790314
9,7,16-000045,F,J,401049,3651061,12/17/16 9:25,Quail,2E,2,0,54.62600113,0,65.32836151
9,7,16-000045,F,J,400999,3651039,12/17/16 9:55,Quail,2E,2,0,82.75868534,0,33.31106186
9,7,16-000045,F,J,400942,3651099,12/17/16 10:25,Quail,2E,2,0,25.49509757,0,18.4776516
9,7,16-000045,F,J,400917,3651104,12/17/16 10:55,Quail,2E,2,0,23.76972865,10,18.4776516
9,7,16-000045,F,J,400940,3651098,12/17/16 11:25,Quail,2E,2,0,19.23538406,0,9.238825798
9,7,16-000045,F,J,400959,3651101,12/17/16 11:55,Quail,2E,2,0,43.56604182,0,26.13134575
9,7,16-000045,F,J,400916,3651108,12/17/16 12:25,Quail,2E,2,0,66.85057965,0,20.65864182
9,7,16-000045,F,J,400971,3651070,12/17/16 12:55,Quail,2E,2,0,34.53983208,0,9.238825798
9,7,16-000045,F,J,400939,3651083,12/17/16 13:25,Quail,2E,2,0,54.3783045,14.14213562,0
9,7,16-000045,F,J,400985,3651112,12/17/16 13:55,Quail,2E,2,0,44.28317965,0,20.65864182
9,7,16-000045,F,J,400941,3651107,12/17/16 14:25,Quail,2E,2,0,28.31960452,0,18.4776516
9,7,16-000045,F,J,400960,3651086,12/17/16 14:55,Quail,2E,2,0,30.6757233,0,18.4776516
9,7,16-000045,F,J,400950,3651115,12/17/16 15:25,Quail,2E,2,0,45.27692569,0,29.21573257
9,7,16-000045,F,J,400927,3651076,12/17/16 15:55,Quail,2E,2,0,38.89730068,20,0
9,7,16-000045,F,J,400890,3651064,12/17/16 16:25,Quail,2E,2,0,43.13930922,44.72135925,0
9,7,16-000045,F,J,400921,3651094,12/17/16 16:55,Quail,2E,2,0,34.525353,10,18.4776516
9,7,16-000045,F,J,400887,3651100,12/17/16 17:25,Quail,2E,2,0,30.41381265,14.14213562,9.238825798
9,7,16-000045,F,J,400860,3651086,12/17/16 17:55,Quail,2E,2,0,29.01723626,10,9.238825798
9,7,16-000045,F,J,400889,3651085,12/17/16 18:07,Quail,2E,2,0,NA,22.36067963,0
10,35,16-000013,F,A,399009,3646646,12/22/16 6:55,Rabbit,3W,3,0,47.67598976,92.1954422,61.97592926
10,35,16-000013,F,A,399017,3646599,12/22/16 7:25,Rabbit,3W,3,0,31.38470965,134.1640778,58.43146515
10,35,16-000013,F,A,398990,3646583,12/22/16 7:55,Rabbit,3W,3,0,89.05054744,161.2451477,58.43146515
10,35,16-000013,F,A,399071,3646620,12/22/16 8:25,Rabbit,3W,3,0,78.26237921,94.86833191,18.4776516
10,35,16-000013,F,A,399085,3646543,12/22/16 8:55,Rabbit,3W,3,0,15.13274595,171.1724243,27.71647644
10,35,16-000013,F,A,399087,3646558,12/22/16 9:25,Rabbit,3W,3,0,12.80624847,151.3274536,33.31106186
10,35,16-000013,F,A,399077,3646550,12/22/16 9:55,Rabbit,3W,3,0,25.49509757,162.788208,20.65864182
10,35,16-000013,F,A,399066,3646527,12/22/16 10:25,Rabbit,3W,3,0,27.20294102,184.3908844,13.06567287
10,35,16-000013,F,A,399050,3646549,12/22/16 10:55,Rabbit,3W,3,0,9.433981132,167.6305389,9.238825798
10,35,16-000013,F,A,399055,3646541,12/22/16 11:25,Rabbit,3W,3,0,26.57066051,177.2004547,0
10,35,16-000013,F,A,399030,3646550,12/22/16 11:55,Rabbit,3W,3,0,26.57066051,174.6424866,13.06567287
10,35,16-000013,F,A,399055,3646559,12/22/16 12:25,Rabbit,3W,3,0,42.19004622,158.1138763,18.4776516
10,35,16-000013,F,A,399033,3646595,12/22/16 12:55,Rabbit,3W,3,0,70.09279564,126.4911041,56.19758224
10,35,16-000013,F,A,398965,3646612,12/22/16 13:25,Rabbit,3W,3,0,19.23538406,155.5634918,65.32836151
10,35,16-000013,F,A,398946,3646609,12/22/16 13:55,Rabbit,3W,3,0,21.21320344,169.7056274,65.32836151
10,35,16-000013,F,A,398961,3646624,12/22/16 14:25,Rabbit,3W,3,0,58,148.6606903,56.19758224
10,35,16-000013,F,A,398921,3646582,12/22/16 14:55,Rabbit,3W,3,0,46.61544808,161.2451477,47.10895157
10,35,16-000013,F,A,398948,3646620,12/22/16 15:25,Rabbit,3W,3,0,85.47514259,155.5634918,56.19758224
10,35,16-000013,F,A,398907,3646545,12/22/16 15:55,Rabbit,3W,3,0,78.40918314,148.6606903,38.09265518
10,35,16-000013,F,A,398955,3646607,12/22/16 16:25,Rabbit,3W,3,0,44.28317965,162.788208,73.91060638
10,35,16-000013,F,A,398995,3646626,12/22/16 17:25,Rabbit,3W,3,0,49,120.415947,66.62212372
10,35,16-000013,F,A,398946,3646626,12/22/16 17:55,Rabbit,3W,3,0,30.2654919,155.5634918,56.19758224
10,35,16-000013,F,A,398976,3646630,12/22/16 18:25,Rabbit,3W,3,0,NA,134.5362396,49.75259781
11,2,16-000335,F,J,400314,3649177,12/22/16 6:57,Rabbit,2E,2,0,23.08679276,264.0075684,20.65864182
11,2,16-000335,F,J,400307,3649199,12/22/16 7:27,Rabbit,2E,2,0,22.627417,286.0069885,18.4776516
11,2,16-000335,F,J,400323,3649215,12/22/16 7:57,Rabbit,2E,2,0,64.81512169,291.5476074,0
11,2,16-000335,F,J,400272,3649255,12/22/16 8:27,Rabbit,2E,2,0,78.10249676,352.2782898,0
11,2,16-000335,F,J,400254,3649331,12/22/16 8:57,Rabbit,2E,2,0,95.81753493,419.7618408,18.4776516
11,2,16-000335,F,J,400284,3649422,12/22/16 9:27,Rabbit,2E,2,0,30.87069808,393.5733643,9.238825798
11,2,16-000335,F,J,400256,3649409,12/22/16 9:57,Rabbit,2E,2,0,91.78779875,390,0
11,2,16-000335,F,J,400336,3649454,12/22/16 10:27,Rabbit,2E,2,0,21.37755833,394.0812073,0
11,2,16-000335,F,J,400315,3649450,12/22/16 10:57,Rabbit,2E,2,0,31.38470965,382.7531738,0
11,2,16-000335,F,J,400288,3649434,12/22/16 11:27,Rabbit,2E,2,0,25.45584412,389.4868469,9.238825798
11,2,16-000335,F,J,400306,3649452,12/22/16 11:57,Rabbit,2E,2,0,87.78382539,377.3592529,0
11,2,16-000335,F,J,400241,3649393,12/22/16 12:27,Rabbit,2E,2,0,101.8430165,404.9691467,18.4776516
11,2,16-000335,F,J,400337,3649427,12/22/16 12:57,Rabbit,2E,2,0,62.64982043,410.4875183,0
11,2,16-000335,F,J,400275,3649418,12/22/16 13:27,Rabbit,2E,2,0,68.62215386,389.101532,0
11,2,16-000335,F,J,400340,3649440,12/22/16 13:57,Rabbit,2E,2,0,77.38862966,408.0441284,0
11,2,16-000335,F,J,400410,3649473,12/22/16 14:36,Rabbit,2E,2,0,78.26237921,431.3930969,0
11,2,16-000335,F,J,400424,3649396,12/22/16 15:36,Rabbit,2E,2,0,50.21951812,432.8972168,0
11,2,16-000335,F,J,400395,3649355,12/22/16 16:36,Rabbit,2E,2,0,60.8276253,398.120575,0
11,2,16-000335,F,J,400437,3649399,12/22/16 17:06,Rabbit,2E,2,0,66.21933252,431.8564453,0
11,2,16-000335,F,J,400373,3649416,12/22/16 17:36,Rabbit,2E,2,0,74.24957912,442.0407104,0
11,2,16-000335,F,J,400440,3649448,12/22/16 18:06,Rabbit,2E,2,0,52.46903849,444.1846313,0
11,2,16-000335,F,J,400388,3649455,12/22/16 18:23,Rabbit,2E,2,0,NA,424.4996948,0
12,49,16-000096,M,J,395981,3649305,12/16/16 6:58,Rabbit,1W,1,0,15.8113883,64.03124237,0
12,49,16-000096,M,J,395996,3649310,12/16/16 7:28,Rabbit,1W,1,0,5.830951895,70.7106781,0
12,49,16-000096,M,J,396001,3649313,12/16/16 8:03,Rabbit,1W,1,0,39,78.10249329,0
12,49,16-000096,M,J,396037,3649298,12/16/16 8:33,Rabbit,1W,1,0,60.87692502,98.4885788,13.06567287
12,49,16-000096,M,J,395978,3649313,12/16/16 9:01,Rabbit,1W,1,0,27.51363298,64.03124237,0
12,49,16-000096,M,J,395969,3649339,12/16/16 9:32,Rabbit,1W,1,0,77.31752712,36.05551147,0
12,49,16-000096,M,J,396046,3649332,12/16/16 10:01,Rabbit,1W,1,0,60.80296045,80.62257385,20.65864182
12,49,16-000096,M,J,395997,3649368,12/16/16 10:34,Rabbit,1W,1,0,138.2931669,50,9.238825798
12,49,16-000096,M,J,396123,3649311,12/16/16 11:25,Rabbit,1W,1,0,0,10,9.238825798
12,49,16-000096,M,J,396123,3649311,12/16/16 11:57,Rabbit,1W,1,0,54.20332093,10,9.238825798
12,49,16-000096,M,J,396076,3649284,12/16/16 12:27,Rabbit,1W,1,0,19.10497317,64.03124237,26.13134575
12,49,16-000096,M,J,396089,3649298,12/16/16 12:57,Rabbit,1W,1,0,52.49761899,41.23105621,0
12,49,16-000096,M,J,396123,3649258,12/16/16 13:27,Rabbit,1W,1,0,37.57658846,20,0
12,49,16-000096,M,J,396157,3649274,12/16/16 13:57,Rabbit,1W,1,0,16.97056275,10,0
12,49,16-000096,M,J,396169,3649286,12/16/16 14:27,Rabbit,1W,1,0,32.64965543,0,13.06567287
12,49,16-000096,M,J,396144,3649265,12/16/16 14:57,Rabbit,1W,1,0,51.92301994,14.14213562,9.238825798
12,49,16-000096,M,J,396130,3649215,12/16/16 15:27,Rabbit,1W,1,0,1.414213562,0,36.95530319
12,49,16-000096,M,J,396131,3649214,12/16/16 15:57,Rabbit,1W,1,0,27.89265136,0,36.95530319
12,49,16-000096,M,J,396124,3649241,12/16/16 16:27,Rabbit,1W,1,0,21.54065923,0,18.4776516
12,49,16-000096,M,J,396132,3649261,12/16/16 16:57,Rabbit,1W,1,0,38.07886553,14.14213562,9.238825798
12,49,16-000096,M,J,396165,3649242,12/16/16 17:27,Rabbit,1W,1,0,33,0,29.21573257
12,49,16-000096,M,J,396132,3649242,12/16/16 18:02,Rabbit,1W,1,0,NA,0,9.238825798
13,47,16-000154,F,J,398600,3647222,12/21/16 6:59,Quail,3W,3,0,66.09841148,206.1552887,9.238825798
13,47,16-000154,F,J,398588,3647157,12/21/16 7:32,Quail,3W,3,0,46.01086828,158.1138763,18.4776516
13,47,16-000154,F,J,398619,3647123,12/21/16 8:02,Quail,3W,3,0,82.29823813,108.1665421,20.65864182
13,47,16-000154,F,J,398701,3647116,12/21/16 8:32,Quail,3W,3,0,109.658561,76.1577301,13.06567287
13,47,16-000154,F,J,398592,3647104,12/21/16 9:02,Quail,3W,3,0,36.12478374,101.9803925,9.238825798
13,47,16-000154,F,J,398568,3647077,12/21/16 9:32,Quail,3W,3,0,32.31098884,89.44271851,9.238825798
13,47,16-000154,F,J,398580,3647107,12/21/16 10:02,Quail,3W,3,0,72.03471385,114.01754,9.238825798
13,47,16-000154,F,J,398563,3647037,12/21/16 10:32,Quail,3W,3,0,51.0881591,63.24555206,0
13,47,16-000154,F,J,398614,3647040,12/21/16 11:02,Quail,3W,3,0,78.33900689,40,0
13,47,16-000154,F,J,398538,3647059,12/21/16 11:32,Quail,3W,3,0,59.77457654,89.44271851,0
13,47,16-000154,F,J,398556,3647002,12/21/16 12:02,Quail,3W,3,0,28.8444102,36.05551147,20.65864182
13,47,16-000154,F,J,398540,3647026,12/21/16 12:32,Quail,3W,3,0,92.08691547,64.03124237,9.238825798
13,47,16-000154,F,J,398544,3646934,12/21/16 13:02,Quail,3W,3,0,24.08318916,50,47.10895157
13,47,16-000154,F,J,398526,3646950,12/21/16 13:32,Quail,3W,3,0,21.09502311,58.30952072,27.71647644
13,47,16-000154,F,J,398524,3646929,12/21/16 14:02,Quail,3W,3,0,48.7954916,42.42640686,33.31106186
13,47,16-000154,F,J,398559,3646895,12/21/16 14:32,Quail,3W,3,0,65.36818798,60.82762527,65.32836151
13,47,16-000154,F,J,398591,3646838,12/21/16 15:02,Quail,3W,3,0,55.36244214,72.80110168,66.62212372
13,47,16-000154,F,J,398538,3646854,12/21/16 15:32,Quail,3W,3,0,29.15475947,36.05551147,90.99188232
13,47,16-000154,F,J,398563,3646839,12/21/16 16:00,Quail,3W,3,0,71.55417528,44.72135925,85.17776489
13,47,16-000154,F,J,398595,3646903,12/21/16 16:30,Quail,3W,3,0,51.0881591,60,29.21573257
13,47,16-000154,F,J,398562,3646942,12/21/16 17:00,Quail,3W,3,0,45.27692569,28.28427124,38.09265518
13,47,16-000154,F,J,398539,3646903,12/21/16 17:30,Quail,3W,3,0,11.18033989,41.23105621,65.32836151
13,47,16-000154,F,J,398550,3646901,12/21/16 17:50,Quail,3W,3,0,NA,50.99019623,72.15753937
14,21,16-000060,M,J,401952,3648670,12/23/16 6:45,Rabbit,1E,1,0,8.485281374,345.3983154,0
14,21,16-000060,M,J,401946,3648676,12/23/16 7:15,Rabbit,1E,1,0,35.4682957,351.2833557,0
14,21,16-000060,M,J,401973,3648699,12/23/16 7:50,Rabbit,1E,1,0,32.52691193,330,0
14,21,16-000060,M,J,401996,3648676,12/23/16 8:15,Rabbit,1E,1,0,20.88061302,313.04953,0
14,21,16-000060,M,J,401976,3648682,12/23/16 8:56,Rabbit,1E,1,0,25.29822128,331.0588989,0
14,21,16-000060,M,J,401952,3648690,12/23/16 9:15,Rabbit,1E,1,0,24.33105012,340.587738,0
14,21,16-000060,M,J,401928,3648686,12/23/16 9:45,Rabbit,1E,1,0,17.11724277,342.3448486,0
14,21,16-000060,M,J,401945,3648684,12/23/16 10:15,Rabbit,1E,1,0,4.123105626,351.2833557,9.238825798
14,21,16-000060,M,J,401949,3648683,12/23/16 10:45,Rabbit,1E,1,0,24.04163056,349.2849731,9.238825798
14,21,16-000060,M,J,401942,3648706,12/23/16 11:15,Rabbit,1E,1,0,25,321.4031677,9.238825798
14,21,16-000060,M,J,401949,3648682,12/23/16 11:56,Rabbit,1E,1,0,83.18653737,349.2849731,9.238825798
14,21,16-000060,M,J,401963,3648764,12/23/16 12:20,Rabbit,1E,1,0,36.40054945,270.1851196,9.238825798
14,21,16-000060,M,J,401976,3648730,12/23/16 12:50,Rabbit,1E,1,0,41.14608122,300,9.238825798
14,21,16-000060,M,J,401958,3648767,12/23/16 13:20,Rabbit,1E,1,0,28.17800561,260.1922302,9.238825798
14,21,16-000060,M,J,401983,3648754,12/23/16 13:50,Rabbit,1E,1,0,15.23154621,280,9.238825798
14,21,16-000060,M,J,401969,3648760,12/23/16 14:20,Rabbit,1E,1,0,5.830951895,270,0
14,21,16-000060,M,J,401966,3648755,12/23/16 14:50,Rabbit,1E,1,0,18.02775638,270.1851196,0
14,21,16-000060,M,J,401956,3648770,12/23/16 15:20,Rabbit,1E,1,0,12.36931688,260.7680969,9.238825798
14,21,16-000060,M,J,401959,3648758,12/23/16 15:50,Rabbit,1E,1,0,10.77032961,270.1851196,9.238825798
14,21,16-000060,M,J,401969,3648762,12/23/16 16:20,Rabbit,1E,1,0,168.0029762,270,9.238825798
14,21,16-000060,M,J,402104,3648862,12/23/16 16:50,Rabbit,1E,1,0,7.071067812,205.9125977,29.21573257
14,21,16-000060,M,J,402109,3648867,12/23/16 17:35,Rabbit,1E,1,0,188.9047379,202.4845734,27.71647644
14,21,16-000060,M,J,402295,3648900,12/23/16 17:54,Rabbit,1E,1,0,16.55294536,80.62257385,20.65864182
14,21,16-000060,M,J,402280,3648893,12/23/16 18:12,Rabbit,1E,1,0,NA,92.1954422,20.65864182
15,34,16-000269,M,J,398513,3648864,12/31/16 7:00,Quail,2W,2,0,77.89736838,72.80110168,38.09265518
15,34,16-000269,M,J,398571,3648916,12/31/16 7:45,Quail,2W,2,0,40.31128874,10,9.238825798
15,34,16-000269,M,J,398542,3648888,12/31/16 8:14,Quail,2W,2,0,150.7215977,40,26.13134575
15,34,16-000269,M,J,398676,3648957,12/31/16 8:57,Quail,2W,2,0,168.6208765,0,58.43146515
15,34,16-000269,M,J,398749,3648805,12/31/16 9:37,Quail,2W,2,0,32.44996148,0,0
15,34,16-000269,M,J,398767,3648778,12/31/16 10:03,Quail,2W,2,0,76.32168761,30,0
15,34,16-000269,M,J,398702,3648818,12/31/16 10:32,Quail,2W,2,0,114.3547113,0,9.238825798
15,34,16-000269,M,J,398816,3648809,12/31/16 11:09,Quail,2W,2,0,45.61797891,0,26.13134575
15,34,16-000269,M,J,398775,3648789,12/31/16 11:36,Quail,2W,2,0,78.23681998,20,0
15,34,16-000269,M,J,398711,3648834,12/31/16 12:06,Quail,2W,2,0,43.27817002,0,9.238825798
15,34,16-000269,M,J,398678,3648862,12/31/16 12:36,Quail,2W,2,0,89.82761268,0,9.238825798
15,34,16-000269,M,J,398743,3648800,12/31/16 13:08,Quail,2W,2,0,57.24508713,10,0
15,34,16-000269,M,J,398692,3648774,12/31/16 13:38,Quail,2W,2,0,40.19950248,0,0
15,34,16-000269,M,J,398688,3648814,12/31/16 14:08,Quail,2W,2,0,20.39607805,0,9.238825798
15,34,16-000269,M,J,398708,3648810,12/31/16 14:40,Quail,2W,2,0,88.1192374,0,18.4776516
15,34,16-000269,M,J,398795,3648796,12/31/16 15:10,Quail,2W,2,0,68.68041933,10,0
15,34,16-000269,M,J,398749,3648847,12/31/16 15:40,Quail,2W,2,0,49.81967483,0,36.95530319
15,34,16-000269,M,J,398700,3648838,12/31/16 16:09,Quail,2W,2,0,11.40175425,0,0
15,34,16-000269,M,J,398691,3648831,12/31/16 16:37,Quail,2W,2,0,69.37578828,0,0
15,34,16-000269,M,J,398758,3648813,12/31/16 17:08,Quail,2W,2,0,22.6715681,0,9.238825798
15,34,16-000269,M,J,398741,3648828,12/31/16 17:36,Quail,2W,2,0,53.00943312,0,18.4776516
15,34,16-000269,M,J,398740,3648775,12/31/16 18:21,Quail,2W,2,0,NA,22.36067963,0
16,50,16-000247,U,J,399204,3647580,1/5/17 7:09,Rabbit,2W,2,0,97.02061637,475.3945618,9.238825798
16,50,16-000247,U,J,399107,3647578,1/5/17 7:42,Rabbit,2W,2,0,53.71219601,480.9365845,9.238825798
16,50,16-000247,U,J,399156,3647600,1/5/17 8:11,Rabbit,2W,2,0,65.21502894,500.3998413,0
16,50,16-000247,U,J,399118,3647547,1/5/17 8:49,Rabbit,2W,2,0,44.27188724,450.111084,0
16,50,16-000247,U,J,399076,3647533,1/5/17 9:39,Rabbit,2W,2,0,54.40588203,434.165863,20.65864182
16,50,16-000247,U,J,399092,3647481,1/5/17 10:09,Rabbit,2W,2,0,63.07138812,382.0994568,20.65864182
16,50,16-000247,U,J,399089,3647418,1/5/17 10:39,Rabbit,2W,2,0,46.87216658,322.4902954,13.06567287
16,50,16-000247,U,J,399043,3647427,1/5/17 11:09,Rabbit,2W,2,0,59.94163828,342.0526123,27.71647644
16,50,16-000247,U,J,399071,3647374,1/5/17 11:39,Rabbit,2W,2,0,80.95677859,276.5863342,20.65864182
16,50,16-000247,U,J,399046,3647451,1/5/17 12:09,Rabbit,2W,2,0,89.10667764,361.3862305,9.238825798
16,50,16-000247,U,J,399032,3647363,1/5/17 12:39,Rabbit,2W,2,0,37.21558813,278.5677795,55.43295288
16,50,16-000247,U,J,399036,3647400,1/5/17 13:09,Rabbit,2W,2,0,108.7060256,316.2277527,55.43295288
16,50,16-000247,U,J,399120,3647331,1/5/17 13:39,Rabbit,2W,2,0,39.01281841,230.2172852,20.65864182
16,50,16-000247,U,J,399159,3647332,1/5/17 14:09,Rabbit,2W,2,0,86.40023148,231.9482727,20.65864182
16,50,16-000247,U,J,399090,3647280,1/5/17 14:39,Rabbit,2W,2,0,92.04890005,184.3908844,0
16,50,16-000247,U,J,399182,3647283,1/5/17 15:09,Rabbit,2W,2,0,47.4341649,182.4828796,29.21573257
16,50,16-000247,U,J,399167,3647238,1/5/17 15:39,Rabbit,2W,2,0,39.84971769,143.1782074,20.65864182
16,50,16-000247,U,J,399155,3647276,1/5/17 16:09,Rabbit,2W,2,0,46.81879964,181.1076965,46.19412994
16,50,16-000247,U,J,399171,3647232,1/5/17 16:39,Rabbit,2W,2,0,22.82542442,136.0147095,13.06567287
16,50,16-000247,U,J,399151,3647221,1/5/17 17:09,Rabbit,2W,2,0,52.47856705,121.6552505,27.71647644
16,50,16-000247,U,J,399178,3647266,1/5/17 17:39,Rabbit,2W,2,0,58.03447251,172.62677,46.19412994
16,50,16-000247,U,J,399120,3647264,1/5/17 17:56,Rabbit,2W,2,0,NA,160.3121948,26.13134575
17,5,16-000322,F,A,400892,3648786,1/6/17 7:01,Rabbit,2E,2,0,24.04163056,0,0
17,5,16-000322,F,A,400909,3648803,1/6/17 7:34,Rabbit,2E,2,0,18.38477631,0,9.238825798
17,5,16-000322,F,A,400902,3648786,1/6/17 8:04,Rabbit,2E,2,0,14.14213562,0,0
17,5,16-000322,F,A,400892,3648776,1/6/17 8:30,Rabbit,2E,2,0,25.01999201,0,0
17,5,16-000322,F,A,400917,3648777,1/6/17 8:59,Rabbit,2E,2,0,19.20937271,0,0
17,5,16-000322,F,A,400902,3648789,1/6/17 9:30,Rabbit,2E,2,0,11.40175425,0,0
17,5,16-000322,F,A,400911,3648782,1/6/17 10:00,Rabbit,2E,2,0,33.61547263,0,0
17,5,16-000322,F,A,400880,3648795,1/6/17 10:33,Rabbit,2E,2,0,23.76972865,0,9.238825798
17,5,16-000322,F,A,400903,3648789,1/6/17 11:01,Rabbit,2E,2,0,5,0,0
17,5,16-000322,F,A,400907,3648786,1/6/17 11:31,Rabbit,2E,2,0,15.55634919,0,0
17,5,16-000322,F,A,400896,3648797,1/6/17 12:01,Rabbit,2E,2,0,12.52996409,0,0
17,5,16-000322,F,A,400907,3648791,1/6/17 12:31,Rabbit,2E,2,0,30.08321791,0,0
17,5,16-000322,F,A,400915,3648820,1/6/17 13:01,Rabbit,2E,2,0,32.64965543,0,9.238825798
17,5,16-000322,F,A,400930,3648791,1/6/17 13:31,Rabbit,2E,2,0,6.08276253,0,9.238825798
17,5,16-000322,F,A,400936,3648790,1/6/17 14:00,Rabbit,2E,2,0,34.71310992,0,9.238825798
17,5,16-000322,F,A,400913,3648816,1/6/17 14:36,Rabbit,2E,2,0,8.602325267,0,0
17,5,16-000322,F,A,400920,3648821,1/6/17 15:05,Rabbit,2E,2,0,22.09072203,0,0
17,5,16-000322,F,A,400922,3648799,1/6/17 15:31,Rabbit,2E,2,0,12.20655562,0,0
17,5,16-000322,F,A,400932,3648806,1/6/17 16:02,Rabbit,2E,2,0,12.04159458,0,9.238825798
17,5,16-000322,F,A,400920,3648805,1/6/17 16:35,Rabbit,2E,2,0,36.40054945,0,0
17,5,16-000322,F,A,400930,3648770,1/6/17 17:00,Rabbit,2E,2,0,36.76955262,10,9.238825798
17,5,16-000322,F,A,400964,3648756,1/6/17 17:30,Rabbit,2E,2,0,9.486832981,40,0
17,5,16-000322,F,A,400967,3648747,1/6/17 18:14,Rabbit,2E,2,0,NA,44.72135925,0